,type,Points,Name,url_fix,Name_clean,dob,weight,height,oneday,GC,TT,sprint,climber,2023,2022,2021,2020,2019,2018,2017,2016,2015,2014,2013,2012,2011,2010,2009,2008,2007,2006,2005,2004,2003,2002
0,All Rounder,26,Remco Evenepoel,,Remco-Evenepoel,23,61,1.71,1889,1889,1833,104,2477,1043,2733,1200,898,916,,,,,,,,,,,,,,,,,
1,All Rounder,24,Primož Roglič,,Primoz-Roglic,33,65,1.77,1537,1537,4436,163,7400,842,1205,2564,2431,2818,1666,1328,460,451,131,7,,,,,,,,,,,
2,All Rounder,18, Geraint Thomas,,Geraint-Thomas,36,71,1.83,1236,1236,4757,909,5090,30,985,805,398,865,1658,802,878,1157,877,704,203,565,308,55,36,32,43,2,,,
3,All Rounder,16,João Almeida,,Joao-Almeida,24,63,1.78,396,396,1332,107,2745,507,971,1714,875,119,55,46,,,,,,,,,,,,,,,
4,All Rounder,14,Aleksandr Vlasov ,,Aleksandr-Vlasov,27,68,1.86,918,918,574,81,3242,214,1715,845,1023,514,153,6,2,7,,,,,,,,,,,,,
5,All Rounder,12,Thymen Arensman,,Thymen-Arensman,23,68,1.92,32,32,681,18,982,46,1053,169,80,,26,,,,,,,,,,,,,,,,
6,All Rounder,12,Pavel Sivakov,,Pavel-Sivakov,25,70,1.88,459,459,412,39,1610,262,583,327,416,808,160,124,49,,,,,,,,,,,,,,
7,All Rounder,10,Brandon McNulty,,Brandon-McNulty,25,69,1.83,529,529,1004,54,1574,329,789,399,413,218,268,28,,,,,,,,,,,,,,,
8,All Rounder,8,Warren Barguil,,Warren-Barguil,31,61,1.82,2397,2397,106,232,4411,107,766,529,671,606,424,969,603,440,588,333,85,66,,,,,,,,,
9,All Rounder,8,Bob Jungels,,Bob-Jungels,30,70,1.89,1140,1140,2680,332,2502,47,546,42,136,593,996,759,843,517,240,335,184,65,,,,,,,,,
10,All Rounder,8,Bauke Mollema,,Bauke-Mollema,36,64,1.83,4836,4836,1978,726,9514,96,650,1170,321,1328,1167,1318,1050,1145,1156,1422,783,1165,533,31,180,179,9,,,,
11,All Rounder,8,Diego Ulissi,,Diego-Ulissi,33,63,1.75,4820,4820,983,899,6723,323,758,890,1181,1246,896,1391,1543,644,752,1097,557,450,221,7,,,,,,,
12,All Rounder,8,Rigoberto Urán,,Rigoberto-Uran,36,63,1.73,3076,3076,1757,762,7788,119,612,700,352,525,1009,1405,713,1277,922,770,1228,834,424,249,498,190,2,,,,
13,Climber,16,Tao Geoghegan Hart,,Tao-Geoghegan-Hart,28,65,1.83,261,261,599,100,2296,622,377,208,799,562,376,321,193,130,28,,,,,,,,,,,,
14,Climber,12,Jack Haig,,Jack-Haig,29,67,1.90,605,605,268,93,2592,220,363,761,368,658,398,420,186,81,169,,,,,,,,,,,,
15,Climber,12,Jay Vine,,Jay-Vine,27,69,1.84,37,37,110,9,738,352,489,192,36,36,,,,,,,,,,,,,,,,,
16,Climber,10,Hugh Carthy,,Hugh-Carthy,28,69,1.93,265,265,389,31,2406,260,463,532,554,444,376,143,326,94,186,3,,,,,,,,,,,
17,Climber,1,Damiano Caruso,,Damiano-Caruso,35,67,1.79,835,835,1078,608,4839,318,654,905,420,314,739,672,365,386,598,367,366,311,147,38,17,13,,,,,
18,Climber,10,Lennard Kämna,,Lennard-Kamna,26,65,1.81,245,245,619,50,1588,281,460,68,539,187,33,266,44,68,,,,,,,,,,,,,
19,Climber,10,Thibaut Pinot,,Thibaut-Pinot,32,63,1.80,1915,1915,1444,170,8146,408,736,189,600,959,1757,1485,1064,1566,1066,707,548,576,176,39,,,,,,,
20,Climber,8,Koen Bouwman,,Koen-Bouwman,29,60,1.78,123,123,387,65,716,14,429,250,43,158,173,116,46,12,26,,,,,,,,,,,,
21,Climber,8,Santiago Buitrago,https://www.procyclingstats.com/rider/santiago-buitrago-sanchez,Santiago-Buitrago,23,59,1.74,221,221,6,43,779,387,510,178,69,8,,,,,,,,,,,,,,,,,
22,Climber,8,Lorenzo Fortunato,,Lorenzo-Fortunato,26,55,1.70,111,111,0,30,764,221,336,378,62,70,7,,8,,,,,,,,,,,,,,
23,Climber,8, Jan Hirt,,Jan-Hirt,32,62,1.81,129,129,30,118,1532,29,575,126,81,380,151,309,148,147,55,92,15,,,,,,,,,,
24,Climber,8,Sepp Kuss,,Sepp-Kuss,28,61,1.80,164,164,134,42,2338,159,315,628,570,223,290,230,11,,,,,,,,,,,,,,
25,Climber,8,Domenico Pozzovivo,,Domenico-Pozzovivo,40,53,1.65,2562,2562,819,702,7594,46,558,220,248,475,1192,1109,528,1019,882,825,997,669,693,415,407,211,17,102,102,8,6
26,Climber,6,Jefferson Alexander Cepeda,,Jefferson-Alexander-Cepeda,24,56,1.64,123,123,84,0,296,154,129,140,24,59,,,,,,,,,,,,,,,,,
27,Climber,6,Alessandro Covi,,Alessandro-Covi,24,66,1.80,719,719,5,27,870,122,388,513,128,15,10,,,,,,,,,,,,,,,,
28,Climber,6,Davide Formolo,,Davide-Formolo,30,62,1.81,1204,1204,166,129,3187,136,255,361,340,724,820,256,440,309,484,40,25,,,,,,,,,,
29,Climber,6,Patrick Konrad,,Patrick-Konrad,31,64,1.74,1390,1390,445,282,3488,284,385,633,568,608,806,481,234,223,175,41,17,8,,,,,,,,,
30,Climber,6,Óscar Rodríguez,,Oscar-Rodriguez,28,63,1.79,160,160,158,10,724,17,155,236,126,354,111,3,,,,,,,,,,,,,,,
31,Climber,6,Einer Augusto Rubio,https://www.procyclingstats.com/rider/einer-augusto-rubio-reyes,Einer-Augusto-Rubio,25,56,1.64,83,83,34,5,645,319,236,164,50,38,49,,,,,,,,,,,,,,,,
32,Climber,6, Rein Taaramäe,,Rein-Taaramae,36,68,1.86,730,730,1486,554,2392,168,197,258,,282,327,186,291,624,328,119,344,746,403,535,105,62,5,,,,
33,Climber,6,Ilan Van Wilder,,Ilan-Van-Wilder,22,64,1.71,174,174,273,16,624,227,227,110,26,51,,,,,,,,,,,,,,,,,
34,Climber,6,Harm Vanhoucke,,Harm-Vanhoucke,25,65,1.77,98,98,73,38,812,111,263,302,162,35,25,62,35,,,,,,,,,,,,,,
35,Climber,6,Carlos Verona,,Carlos-Verona,30,68,1.86,452,452,21,38,1132,83,467,121,202,150,319,233,108,121,98,68,,16,,,,,,,,,
36,Unclassified,10, Filippo Ganna,,Filippo-Ganna,26,83,1.93,495,495,3978,108,524,672,482,686,797,390,120,30,53,17,,,,,,,,,,,,,
37,Unclassified,8,Magnus Cort,https://www.procyclingstats.com/rider/magnus-cort-nielsen,Magnus-Cort,30,68,1.83,1024,1024,696,1812,1884,212,440,625,216,203,629,579,563,189,294,126,1,,,,,,,,,,
38,Unclassified,8,Rohan Dennis,,Rohan-Dennis,32,72,1.82,50,50,6250,188,1786,92,231,390,452,773,1051,874,763,1011,586,329,261,10,65,5,,,,,,,
39,Unclassified,8,Thomas Gloag,,Thomas-Gloag,21,60,1.75,53,53,0,4,253,155,63,33,,,,,,,,,,,,,,,,,,,
40,Unclassified,8,Stefan Küng,,Stefan-Kung,29,83,1.93,2077,2077,4438,442,1260,400,1333,1072,628,826,399,621,254,353,159,27,,,,,,,,,,,
41,Unclassified,6,Edoardo Affini,,Edoardo-Affini,26,80,1.92,88,88,1209,162,60,40,154,284,43,268,45,7,,,,,,,,,,,,,,,
42,Unclassified,6,Giovanni Aleotti,,Giovanni-Aleotti,23,67,1.80,303,303,73,10,428,67,269,408,13,98,4,,,,,,,,,,,,,,,,
43,Unclassified,6,Bruno Armirail,,Bruno-Armirail,29,74,1.90,114,114,734,8,232,15,210,170,121,67,64,31,,,,10,,,,,,,,,,,
44,Unclassified,6,Samuele Battistella,,Samuele-Battistella,24,67,1.80,410,410,117,85,580,36,420,308,85,137,41,,,,,,,,,,,,,,,,
45,Unclassified,6,Alberto Bettiol,,Alberto-Bettiol,29,69,1.80,1857,1857,782,236,1814,117,575,281,409,679,65,353,542,86,23,22,,,,,,,,,,,
46,Unclassified,6,Niccolò Bonifazio,,Niccolo-Bonifazio,29,72,1.76,1549,1549,48,2296,850,53,119,325,217,551,298,304,370,526,476,12,,,,,,,,,,,
47,Unclassified,6,Sven Erik Bystrøm,,Sven-Erik-Bystrom,31,73,1.88,737,737,85,408,694,187,129,248,158,140,133,123,142,124,172,16,40,3,,,,,,,,,
48,Unclassified,6,Jonathan Klever Caicedo,,Jonathan-Klever-Caicedo,30,62,1.64,188,188,144,112,278,37,90,20,190,111,180,15,87,22,,,,,,,,,,,,,
49,Unclassified,6,Mattia Cattaneo,,Mattia-Cattaneo,32,67,1.84,680,680,1314,160,1588,31,82,769,178,411,210,539,65,10,68,19,67,79,2,,,,,,,,
50,Unclassified,6,Josef Černý,,Josef-Cerny,29,77,1.88,189,189,1430,378,374,83,153,194,363,111,221,247,24,8,18,27,8,,,,,,,,,,
51,Unclassified,6,Mikaël Cherel,,Mikael-Cherel,37,65,1.86,654,654,1,466,990,21,98,20,108,88,160,103,162,250,254,199,96,223,85,181,89,12,,,,,
52,Unclassified,6,Simon Clarke,,Simon-Clarke,36,63,1.75,2256,2256,134,1359,2434,242,393,236,294,704,241,177,206,249,318,257,572,314,87,101,104,140,101,11,,,
53,Unclassified,6,Nicola Conci,,Nicola-Conci,26,68,1.84,268,268,8,117,476,29,324,25,136,126,97,40,,,,,,,,,,,,,,,
54,Unclassified,6,Luca Covili,,Luca-Covili,26,58,1.80,48,48,6,4,282,39,161,69,7,34,3,18,2,,,,,,,,,,,,,,
55,Unclassified,6,Stefan De Bod,,Stefan-De-Bod,26,66,1.82,148,148,609,21,268,102,196,147,56,122,30,32,17,5,,,,,,,,,,,,,
56,Unclassified,6,Alessandro De Marchi,,Alessandro-De-Marchi,36,65,1.81,1023,1023,498,151,1871,27,101,401,144,145,421,213,207,200,323,202,128,57,12,8,19,,,,,,
57,Unclassified,6,Laurens De Plus,,Laurens-De-Plus,27,67,1.89,217,217,277,20,796,52,41,27,5,616,301,217,53,74,,,,,,,,,,,,,
58,Unclassified,6,Joe Dombrowski,,Joe-Dombrowski,31,68,1.85,65,65,224,62,1237,12,109,177,20,344,177,68,159,336,5,102,182,52,,,,,,,,,
59,Unclassified,6,Eddie Dunbar,https://www.procyclingstats.com/rider/edward-irl-dunbar,Eddie-Dunbar,26,57,1.70,306,306,151,92,691,87,269,134,195,414,230,90,39,22,,,,,,,,,,,,,
60,Unclassified,6,Davide Gabburo,,Davide-Gabburo,30,63,1.72,393,393,10,111,514,58,188,119,79,199,36,2,,22,,,,,,,,,,,,,
61,Unclassified,6,Francesco Gavazzi,,Francesco-Gavazzi,38,65,1.71,2988,2988,43,2044,2909,16,64,85,24,177,388,584,655,357,305,329,567,462,654,736,285,111,97,,7,,
62,Unclassified,6,Ryan Gibbons,,Ryan-Gibbons,28,70,1.81,697,697,327,690,838,32,140,369,101,465,142,365,43,8,,12,,,,,,,,,,,
63,Unclassified,6,Thibault Guernalec,,Thibault-Guernalec,25,71,1.85,46,46,553,28,97,25,112,97,90,61,,3,,,,,,,,,,,,,,,
64,Unclassified,6,Ben Healy,,Ben-Healy,22,65,1.75,567,567,190,20,351,637,93,8,22,5,,,,,,,,,,,,,,,,,
65,Unclassified,6,Michael Hepburn,,Michael-Hepburn,31,77,1.86,195,195,1555,118,80,59,60,38,27,139,140,118,75,149,201,83,5,71,33,,,,,,,,
66,Unclassified,6,Michel Hessmann,,Michel-Hessmann,22,78,1.90,27,27,45,11,41,20,51,18,2,,,,,,,,,,,,,,,,,,
67,Unclassified,6,Jonathan Lastra,,Jonathan-Lastra,29,64,1.72,369,369,11,118,858,25,281,333,32,242,159,86,46,6,,,,,,,,,,,,,
68,Unclassified,6,Andreas Leknessund,,Andreas-Leknessund,23,72,1.85,156,156,382,2,461,63,511,152,183,107,20,,,,,,,,,,,,,,,,
69,Unclassified,6,Rudy Molard,,Rudy-Molard,33,62,1.78,1225,1225,160,397,2001,140,389,160,347,397,506,204,163,398,222,84,45,12,,,,,,,,,
70,Unclassified,6,Gianni Moscon,,Gianni-Moscon,29,70,1.82,1857,1857,606,320,1355,5,59,521,70,418,1007,734,459,87,28,,,,,,,,,,,,
71,Unclassified,6,Henok Mulubrhan,,Henok-Mulubrhan,23,60,1.76,287,287,61,232,324,306,173,43,92,71,81,,,,,,,,,,,,,,,,
72,Unclassified,6,Stefano Oldani,,Stefano-Oldani,25,65,1.78,408,408,36,164,638,5,438,242,78,62,2,1,,,,,,,,,,,,,,,
73,Unclassified,6,Sam Oomen,,Sam-Oomen,27,65,1.77,433,433,197,96,1590,24,194,237,160,193,749,548,294,148,29,,,,,,,,,,,,
74,Unclassified,6,Aurélien Paret-Peintre,,Aurelien-Paret-Peintre,27,64,1.84,564,564,103,56,1018,236,219,674,264,201,45,19,,17,,,,,,,,,,,,,
75,Unclassified,6,Andrea Pasqualon,,Andrea-Pasqualon,35,68,1.74,2724,2724,74,2442,1376,142,414,459,358,514,805,368,298,311,204,96,37,67,30,12,,,,,,,
76,Unclassified,6,Matthew Riccitello,,Matthew-Riccitello,21,55,1.72,0,0,4,8,82,99,28,,,,,,,,,,,,,,,,,,,,
77,Unclassified,6,Oscar Riesebeek,,Oscar-Riesebeek,30,78,1.91,573,573,108,350,275,20,198,213,59,187,237,104,24,40,,12,,,,,,,,,,,
78,Unclassified,6,Rémy Rochas,,Remy-Rochas,26,51,1.64,179,179,65,26,370,10,168,248,58,39,50,6,8,6,,,,,,,,,,,,,
79,Unclassified,6,José Joaquín Rojas,,Jose-Joaquin-Rojas,37,70,1.77,2955,2955,129,4518,3624,69,84,108,81,282,163,447,167,498,478,638,377,1293,900,688,995,605,147,34,,,
80,Unclassified,6,Lorenzo Rota,,Lorenzo-Rota,27,62,1.73,1303,1303,12,139,1343,299,818,470,203,131,78,97,35,29,4,,,,,,,,,,,,
81,Unclassified,6,Luis León Sánchez,,Luis-Leon-Sanchez,39,73,1.86,1842,1842,2925,1529,4704,45,411,290,127,799,807,545,572,388,461,276,1023,427,1718,1039,575,465,405,393,122,,
82,Unclassified,6,Kristian Sbaragli,,Kristian-Sbaragli,32,74,1.75,1754,1754,0,1512,1367,10,95,254,85,368,244,201,412,632,373,133,58,4,,,,,,,,,
83,Unclassified,6,Christian Scaroni,,Christian-Scaroni,25,63,1.75,231,231,3,20,360,69,148,66,10,20,40,,,,,,,,,,,,,,,,
84,Unclassified,6,Toms Skujiņš,,Toms-Skujins,31,70,1.78,1622,1622,254,695,1193,79,392,337,137,420,549,175,119,170,68,154,21,67,124,,,,,,,,
85,Unclassified,6,Jake Stewart,,Jake-Stewart,23,66,1.79,396,396,28,179,339,33,379,282,120,29,21,,,,,,,,,,,,,,,,
86,Unclassified,6,Ben Swift,,Ben-Swift,35,69,1.79,1848,1848,87,2754,1640,37,112,108,236,209,48,400,621,357,745,141,415,516,204,283,83,39,,,,,
87,Unclassified,6,Natnael Tesfatsion,,Natnael-Tesfatsion,23,60,1.75,331,331,5,192,696,176,455,121,234,28,37,,,,,,,,,,,,,,,,
88,Unclassified,6,Alessandro Tonelli,,Alessandro-Tonelli,30,64,1.76,179,179,8,80,254,85,116,27,36,10,92,5,32,5,,4,4,,,,,,,,,,
89,Unclassified,6,Simone Velasco,,Simone-Velasco,27,59,1.70,1035,1035,12,117,942,91,206,343,105,407,194,43,22,62,10,,,,,,,,,,,,
90,Unclassified,6,Louis Vervaeke,,Louis-Vervaeke,29,68,1.81,318,318,173,28,422,90,78,112,102,40,43,118,111,27,96,25,,,,,,,,,,,
91,Unclassified,6,Edoardo Zambanini,,Edoardo-Zambanini,22,62,1.80,93,93,0,29,186,12,183,11,1,,,,,,,,,,,,,,,,,,
92,Unclassified,6, Filippo Zana,,Filippo-Zana,24,65,1.85,161,161,1,13,442,51,335,290,34,52,4,,,,,,,,,,,,,,,,
93,Unclassified,4, Yukiya Arashiro,,Yukiya-Arashiro,38,64,1.70,1369,1369,142,1118,628,5,92,85,54,61,189,172,206,212,155,189,249,284,301,179,203,151,80,2,,,
94,Unclassified,4,Davide Bais,,Davide-Bais,25,66,1.85,67,67,22,8,85,8,100,10,3,20,3,,,,,,,,,,,,,,,,
95,Unclassified,4,Mattia Bais,,Mattia-Bais,26,66,1.75,118,118,20,72,151,10,50,85,34,82,20,7,,,,,,,,,,,,,,,
96,Unclassified,4,Will Barta,https://www.procyclingstats.com/rider/william-barta,Will-Barta,27,61,1.80,44,44,505,16,242,124,62,15,144,33,34,9,,3,,,,,,,,,,,,,
97,Unclassified,4,Alex Baudin,,Alex-Baudin,21,66,1.83,44,44,29,4,64,38,73,,,,,,,,,,,,,,,,,,,,
98,Unclassified,4,Cesare Benedetti,,Cesare-Benedetti,35,63,1.70,396,396,1,198,354,5,66,95,46,169,120,71,123,79,102,37,71,51,,20,,7,,,,,
99,Unclassified,4,Sebastian Berwick,,Sebastian-Berwick,23,59,1.75,16,16,5,7,136,55,63,26,89,25,,,,,,,,,,,,,,,,,
100,Unclassified,4,François Bidard,,Francois-Bidard,31,65,1.80,95,95,6,30,332,5,11,12,27,172,106,58,36,15,15,3,,,,,,,,,,,
101,Unclassified,4,Maxime Bouet ,,Maxime-Bouet,36,67,1.84,727,727,397,732,1122,,140,124,9,30,91,211,155,195,147,346,278,246,316,369,61,11,,,,,
102,Unclassified,4,Thomas Champion,,Thomas-Champion,23,70,1.93,20,20,16,0,27,5,35,30,17,,,,,,,,,,,,,,,,,,
103,Unclassified,4,Valerio Conti,,Valerio-Conti,30,61,1.72,533,533,258,122,1144,25,15,130,130,393,181,241,165,131,223,9,,,,,,,,,,,
104,Unclassified,4,Alexandre Delettre,,Alexandre-Delettre,25,62,1.70,130,130,0,1,83,10,47,111,,35,,,,,,,,,,,,,,,,,
105,Unclassified,4,Nico Denz,,Nico-Denz,29,71,1.83,385,385,246,184,325,33,90,75,173,117,267,25,61,14,,,,,,,,,,,,,
106,Unclassified,4,Erik Fetter,,Erik-Fetter,23,70,1.90,89,89,106,7,92,10,127,55,4,8,,,,,,,,,,,,,,,,,
107,Unclassified,4,Marco Frigo,,Marco-Frigo,23,65,1.88,20,20,6,4,90,12,29,13,7,10,,,,,,,,,,,,,,,,,
108,Unclassified,4,Stefano Gandin,,Stefano-Gandin,27,69,1.85,30,30,1,91,45,5,30,20,,25,,,,,,,,,,,,,,,,,
109,Unclassified,4,Derek Gee,,Derek-Gee,25,76,1.89,33,33,160,32,6,35,45,9,,,,2,,,,,,,,,,,,,,,
110,Unclassified,4,Amanuel Ghebreigzabhier,,Amanuel-Ghebreigzabhier,28,68,1.87,390,390,170,288,561,105,52,97,70,202,295,87,64,57,62,,,,,,,,,,,,
111,Unclassified,4,Daan Hoole,,Daan-Hoole,24,82,1.98,128,128,256,34,40,26,88,77,19,4,6,,,,,,,,,,,,,,,,
112,Unclassified,4,Laurens Huys,,Laurens-Huys,24,61,1.62,70,70,4,14,184,18,101,64,50,,30,5,,,,,,,,,,,,,,,
113,Unclassified,4,Jonas Iversby Hvideberg,,Jonas-Iversby-Hvideberg,,,,,,,,,,31,57,38,7,4,,,,,,,,,,,,,,,,
114,Unclassified,4,Alessandro Iacchi,,Alessandro-Iacchi,23,59,1.70,8,8,0,7,15,,45,,,,,,,,,,,,,,,,,,,,
115,Unclassified,4,Alex Kirsch,,Alex-Kirsch,30,78,1.94,443,443,543,430,310,29,93,54,80,88,165,191,143,11,38,30,5,4,,,,,,,,,
116,Unclassified,4,Ignatas Konovalovas,,Ignatas-Konovalovas,37,74,1.90,700,700,1324,400,180,18,47,29,25,25,85,224,95,315,133,66,60,83,201,284,204,72,59,3,,,
117,Unclassified,4,Alexander Konychev,,Alexander-Konychev,24,76,1.85,155,155,37,82,23,5,30,25,49,75,,,,,,,,,,,,,,,,,
118,Unclassified,4,Alexander Krieger,,Alexander-Krieger,31,71,1.84,693,693,167,989,306,10,50,78,267,44,303,136,32,29,112,,21,12,,,,,,,,,
119,Unclassified,4,Paul Lapeira,,Paul-Lapeira,22,64,1.76,125,125,21,66,45,46,94,31,,5,,,,,,,,,,,,,,,,,
120,Unclassified,4,Senne Leysen,,Senne-Leysen,27,78,1.90,77,77,133,41,18,18,35,50,45,38,8,6,,11,,,,,,,,,,,,,
121,Unclassified,4,Fabian Lienhard,,Fabian-Lienhard,29,73,1.83,654,654,27,454,241,41,107,66,80,166,113,170,21,57,23,1,,,,,,,,,,,
122,Unclassified,4,Mirco Maestri,,Mirco-Maestri,31,73,1.82,176,176,83,274,142,78,54,32,,85,88,54,75,1,1,,,,,,,,,,,,
123,Unclassified,4,Filippo Magli,https://www.procyclingstats.com/rider/filippo-magli2,Filippo-Magli,,,,,,,,,52,,4,,1,,,,,,,,,,,,,,,,,
124,Unclassified,4,Martin Marcellusi,,Martin-Marcellusi,23,62,1.72,112,112,3,25,139,57,48,7,5,10,,,,,,,,,,,,,,,,,
125,Unclassified,4,Niklas Märkl,,Niklas-Markl,24,70,1.85,123,123,45,148,12,14,36,81,7,28,2,,,,,,,,,,,,,,,,
126,Unclassified,4,Anton Palzer,,Anton-Palzer,30,62,1.78,5,5,0,0,1,15,20,25,,,,,,,,,,,,,,,,,,,
127,Unclassified,4,Valentin Paret-Peintre,,Valentin-Paret-Peintre,22,52,1.76,11,11,0,1,74,36,5,9,12,,,,,,,,,,,,,,,,,,
128,Unclassified,4,Simone Petilli,,Simone-Petilli,30,65,1.78,430,430,39,124,517,35,71,131,50,124,29,154,105,176,24,6,2,,,,,,,,,,
129,Unclassified,4,Lukas Pöstlberger,,Lukas-Postlberger,31,70,1.82,571,571,331,303,368,24,37,129,38,181,73,359,34,95,15,63,20,5,,,,,,,,,
130,Unclassified,4,Nicolas Prodhomme,,Nicolas-Prodhomme,26,62,1.74,38,38,8,12,182,18,54,73,2,45,15,,,,,,,,,,,,,,,,
131,Unclassified,4,Vadim Pronskiy,,Vadim-Pronskiy,24,58,1.73,41,41,48,17,336,10,135,87,48,173,39,35,,,,,,,,,,,,,,,
132,Unclassified,4,Salvatore Puccio,,Salvatore-Puccio,33,68,1.82,377,377,83,102,488,5,35,50,85,87,95,100,164,166,175,131,132,42,3,,,,,,,,
133,Unclassified,4,Charlie Quarterman,,Charlie-Quarterman,24,75,1.80,5,5,65,20,4,,6,15,10,1,,,,,,,,,,,,,,,,,
134,Unclassified,4,Laurenz Rex,,Laurenz-Rex,23,82,1.93,222,222,0,105,61,104,81,57,,,1,,,,,,,,,,,,,,,,
135,Unclassified,4,Michel Ries,,Michel-Ries,25,67,1.84,100,100,50,1,136,14,57,62,47,30,20,,,,,,,,,,,,,,,,
136,Unclassified,4,Alan Riou,,Alan-Riou,26,68,1.76,195,195,65,100,68,5,31,127,,18,6,41,1,,,,,,,,,,,,,,
137,Unclassified,4,Clément Russo,,Clement-Russo,28,73,1.86,388,388,42,282,96,56,119,157,31,213,34,35,,,,,,,,,,,,,,,
138,Unclassified,4, Callum Scotson,,Callum-Scotson,26,77,1.84,22,22,50,38,104,69,29,30,35,44,2,22,29,,,,,,,,,,,,,,
139,Unclassified,4,Pieter Serry,,Pieter-Serry,34,66,1.86,1089,1089,230,496,1110,40,49,64,75,193,382,114,227,243,296,258,257,93,25,,,,,,,,
140,Unclassified,4,Diego Pablo Sevilla,,Diego-Pablo-Sevilla,27,64,1.71,31,31,7,20,54,11,18,10,2,,11,,,,,,,,,,,,,,,,
141,Unclassified,4,Ramon Sinkeldam,,Ramon-Sinkeldam,34,77,1.93,869,869,72,1340,53,20,88,40,10,55,146,175,98,302,370,232,197,30,16,,,,,,,,
142,Unclassified,4,Campbell Stewart,,Campbell-Stewart,24,76,1.81,50,50,30,139,14,10,33,68,5,1,,,,,,,,,,,,,,,,,
143,Unclassified,4,Veljko Stojnić,,Veljko-Stojnic,24,73,1.87,22,22,132,59,40,1,24,12,45,17,15,,,,,,,,,,,,,,,,
144,Unclassified,4,Florian Stork,,Florian-Stork,26,65,1.84,47,47,7,13,92,20,31,9,32,44,8,,,,,,,,,,,,,,,,
145,Unclassified,4,Jasha Sütterlin,,Jasha-Sutterlin,30,78,1.84,340,340,995,170,297,5,91,21,125,165,144,260,174,129,40,54,14,35,,,,,,,,,
146,Unclassified,4,Albert Torres,,Albert-Torres,33,70,1.80,159,159,70,394,61,15,46,50,60,,53,62,47,10,6,,,,,,,,,,,,
147,Unclassified,4,Hugo Toumire,,Hugo-Toumire,21,69,1.80,12,12,0,4,29,5,31,20,,,,,,,,,,,,,,,,,,,
148,Unclassified,4,Martijn Tusveld,,Martijn-Tusveld,29,70,1.87,148,148,313,110,362,25,121,68,64,164,107,75,96,23,10,4,22,,,,,,,,,,
149,Unclassified,4,Karel Vacek,,Karel-Vacek,22,60,1.78,55,55,0,0,20,,6,,,4,,,,,,,,,,,,,,,,,
150,Unclassified,4,Lars Van Den Berg,,Lars-Van-Den-Berg,24,72,1.85,72,72,30,22,96,15,10,72,7,6,16,9,,,,,,,,,,,,,,,
151,Unclassified,4,Otto Vergaerde,,Otto-Vergaerde,28,74,1.80,189,189,12,74,47,5,76,20,40,122,,,11,,1,,,,,,,,,,,,
152,Unclassified,4,Alessandro Verre,,Alessandro-Verre,21,59,1.70,69,69,1,15,91,24,57,13,,,,,,,,,,,,,,,,,,,
153,Unclassified,4,Larry Warbasse,https://www.procyclingstats.com/rider/lawrence-warbasse,Larry-Warbasse,32,67,1.83,248,248,317,20,633,30,28,71,167,142,104,156,166,136,71,30,12,21,,,,,,,,,
154,Unclassified,4,Stephen Williams,,Stephen-Williams,26,59,1.83,120,120,5,68,291,55,79,184,5,,53,16,15,,,,,,,,,,,,,,
155,Unclassified,4,Mads Würtz Schmidt,,Mads-Wurtz-Schmidt,29,70,1.76,365,365,598,358,318,39,65,203,59,136,153,161,205,146,16,,,,,,,,,,,,
156,Unclassified,4,Samuele Zoccarato,,Samuele-Zoccarato,25,74,1.83,128,128,0,6,96,69,45,54,1,3,19,,,,,,,,,,,,,,,,
157,Sprinter,14,Mads Pedersen,,Mads-Pedersen,27,70,1.79,2552,2552,1195,2043,1280,676,1500,645,775,529,642,404,155,120,15,,,,,,,,,,,,
158,Sprinter,10,Pascal Ackermann,,Pascal-Ackermann,29,78,1.80,3214,3214,66,3443,1141,156,486,785,964,1912,1244,138,200,86,1,4,,,,,,,,,,,
159,Sprinter,10,Fernando Gaviria,,Fernando-Gaviria,28,71,1.80,1723,1723,77,4020,1138,311,463,424,395,849,699,1311,822,142,2,,,,,,,,,,,,
160,Sprinter,10,  Michael Matthews,,Michael-Matthews,32,72,1.78,6450,6450,1602,3244,6457,208,1163,921,656,1102,1441,1728,1156,1227,916,468,379,546,289,55,,,,,,,
161,Sprinter,8,Mark Cavendish,,Mark-Cavendish,37,70,1.75,3063,3063,712,13043,1227,96,571,1112,15,37,174,255,1263,959,614,1868,1257,1607,1461,1843,1194,753,166,42,,,
162,Sprinter,8,Simone Consonni,,Simone-Consonni,28,60,1.65,1376,1376,25,1156,882,99,617,278,180,382,367,359,78,109,10,,,,,,,,,,,,
163,Sprinter,8,Alberto Dainese,,Alberto-Dainese,25,70,1.76,558,558,7,1128,292,60,434,418,145,203,74,,,,,,,,,,,,,,,,
164,Sprinter,8,Kaden Groves,,Kaden-Groves,24,76,1.76,199,199,357,880,538,230,484,82,130,99,168,29,,,,,,,,,,,,,,,
165,Sprinter,8,Max Kanter,,Max-Kanter,25,68,1.76,425,425,32,834,334,56,438,86,153,17,148,25,51,,,,,,,,,,,,,,
166,Sprinter,8,Jonathan Milan,,Jonathan-Milan,22,84,1.94,58,58,72,228,118,93,153,27,11,22,,,,,,,,,,,,,,,,,
167,Sprinter,6, Vincenzo Albanese,,Vincenzo-Albanese,26,70,1.75,551,551,50,372,900,115,521,274,36,15,30,45,144,,,,,,,,,,,,,,
168,Sprinter,6,Davide Ballerini,,Davide-Ballerini,28,77,1.83,1441,1441,133,852,880,228,281,497,334,313,460,79,7,9,22,,,,,,,,,,,,
169,Sprinter,6,Davide Cimolai,,Davide-Cimolai,33,70,1.82,978,978,6,1322,1114,20,92,224,101,577,77,188,176,442,195,290,94,47,117,45,,,,,,,
170,Sprinter,6,Nicolas Dalla Valle,,Nicolas-Dalla-Valle,,,,,,,,,11,81,5,,7,7,,,,,,,,,,,,,,,,
171,Sprinter,6,David Dekker,,David-Dekker,25,80,1.90,137,137,73,334,47,43,10,120,70,24,,,,,,,,,,,,,,,,,
172,Sprinter,6,Filippo Fiorelli,,Filippo-Fiorelli,,,,,,,,,110,250,219,81,41,,,9,7,,,,,,,,,,,,,
173,Sprinter,6, Arne Marit,,Arne-Marit,24,72,1.85,445,445,3,375,100,27,98,330,8,25,5,,,,,,,,,,,,,,,,
174,Sprinter,6, Marius Mayrhofer,,Marius-Mayrhofer,22,70,1.82,265,265,78,70,152,260,7,39,2,2,,,,,,,,,,,,,,,,,
175,Sprinter,6, Andrea Vendrame,,Andrea-Vendrame,28,60,1.68,1419,1419,102,398,1760,190,315,332,435,639,171,182,62,19,,,,,,,,,,,,,
